{
  "generated": "2025-08-26T05:53:02.060Z",
  "classes": [
    {
      "name": "A",
      "filename": "A.class",
      "size": 263,
      "description": "A class file for JVM execution"
    },
    {
      "name": "Animal",
      "filename": "Animal.class",
      "size": 203,
      "description": "Animal class file for JVM execution"
    },
    {
      "name": "AnnotationReflectionTest",
      "filename": "AnnotationReflectionTest.class",
      "size": 2926,
      "description": "AnnotationReflectionTest class file for JVM execution"
    },
    {
      "name": "AnsiColorDemo",
      "filename": "AnsiColorDemo.class",
      "size": 1802,
      "description": "AnsiColorDemo class file for JVM execution"
    },
    {
      "name": "ArithmeticTest",
      "filename": "ArithmeticTest.class",
      "size": 1142,
      "description": "ArithmeticTest class file for JVM execution"
    },
    {
      "name": "ArrayTest",
      "filename": "ArrayTest.class",
      "size": 3038,
      "description": "ArrayTest class file for JVM execution"
    },
    {
      "name": "B",
      "filename": "B.class",
      "size": 263,
      "description": "B class file for JVM execution"
    },
    {
      "name": "BigDecimalTest",
      "filename": "BigDecimalTest.class",
      "size": 598,
      "description": "BigDecimalTest class file for JVM execution"
    },
    {
      "name": "BitwiseOperationsTest",
      "filename": "BitwiseOperationsTest.class",
      "size": 497,
      "description": "BitwiseOperationsTest class file for JVM execution"
    },
    {
      "name": "BoxingUnboxingTest",
      "filename": "BoxingUnboxingTest.class",
      "size": 1927,
      "description": "BoxingUnboxingTest class file for JVM execution"
    },
    {
      "name": "ByteBufferTest",
      "filename": "ByteBufferTest.class",
      "size": 2590,
      "description": "ByteBufferTest class file for JVM execution"
    },
    {
      "name": "CClass",
      "filename": "CClass.class",
      "size": 217,
      "description": "CClass class file for JVM execution"
    },
    {
      "name": "CRC32Test",
      "filename": "CRC32Test.class",
      "size": 1375,
      "description": "CRC32Test class file for JVM execution"
    },
    {
      "name": "Calculator",
      "filename": "Calculator.class",
      "size": 2695,
      "description": "Static method calls with parameters"
    },
    {
      "name": "Cat",
      "filename": "Cat.class",
      "size": 190,
      "description": "Cat class file for JVM execution"
    },
    {
      "name": "CharsetTest",
      "filename": "CharsetTest.class",
      "size": 2213,
      "description": "CharsetTest class file for JVM execution"
    },
    {
      "name": "CheckCastTest",
      "filename": "CheckCastTest.class",
      "size": 1355,
      "description": "CheckCastTest class file for JVM execution"
    },
    {
      "name": "ClassLiteralTest",
      "filename": "ClassLiteralTest.class",
      "size": 2911,
      "description": "ClassLiteralTest class file for JVM execution"
    },
    {
      "name": "ClassRenamingTestRunner",
      "filename": "ClassRenamingTestRunner.class",
      "size": 516,
      "description": "ClassRenamingTestRunner class file for JVM execution"
    },
    {
      "name": "ClassToRename",
      "filename": "ClassToRename.class",
      "size": 306,
      "description": "ClassToRename class file for JVM execution"
    },
    {
      "name": "ComparisonInstructions",
      "filename": "ComparisonInstructions.class",
      "size": 1308,
      "description": "ComparisonInstructions class file for JVM execution"
    },
    {
      "name": "ConcurrencyCrash",
      "filename": "ConcurrencyCrash.class",
      "size": 2354,
      "description": "ConcurrencyCrash class file for JVM execution"
    },
    {
      "name": "ConstantsTest",
      "filename": "ConstantsTest.class",
      "size": 474,
      "description": "Integer constant instructions (iconst_0 through iconst_5)"
    },
    {
      "name": "ConstructorPrinter",
      "filename": "ConstructorPrinter.class",
      "size": 577,
      "description": "ConstructorPrinter class file for JVM execution"
    },
    {
      "name": "Consumer",
      "filename": "Consumer.class",
      "size": 482,
      "description": "Consumer class file for JVM execution"
    },
    {
      "name": "ConversionTest",
      "filename": "ConversionTest.class",
      "size": 422,
      "description": "ConversionTest class file for JVM execution"
    },
    {
      "name": "CrashMethodHandles",
      "filename": "CrashMethodHandles.class",
      "size": 1219,
      "description": "CrashMethodHandles class file for JVM execution"
    },
    {
      "name": "CustomAnnotation",
      "filename": "CustomAnnotation.class",
      "size": 408,
      "description": "CustomAnnotation class file for JVM execution"
    },
    {
      "name": "DateTimeTest",
      "filename": "DateTimeTest.class",
      "size": 1686,
      "description": "DateTimeTest class file for JVM execution"
    },
    {
      "name": "DebugSplit",
      "filename": "DebugSplit.class",
      "size": 1544,
      "description": "DebugSplit class file for JVM execution"
    },
    {
      "name": "Dog",
      "filename": "Dog.class",
      "size": 493,
      "description": "Dog class file for JVM execution"
    },
    {
      "name": "DoubleComparisonTest",
      "filename": "DoubleComparisonTest.class",
      "size": 1140,
      "description": "DoubleComparisonTest class file for JVM execution"
    },
    {
      "name": "EnumSwitchCrash$1",
      "filename": "EnumSwitchCrash$1.class",
      "size": 633,
      "description": "EnumSwitchCrash$1 class file for JVM execution"
    },
    {
      "name": "EnumSwitchCrash$SimpleColor",
      "filename": "EnumSwitchCrash$SimpleColor.class",
      "size": 1078,
      "description": "EnumSwitchCrash$SimpleColor class file for JVM execution"
    },
    {
      "name": "EnumSwitchCrash",
      "filename": "EnumSwitchCrash.class",
      "size": 808,
      "description": "EnumSwitchCrash class file for JVM execution"
    },
    {
      "name": "EnumSwitchTest$1",
      "filename": "EnumSwitchTest$1.class",
      "size": 677,
      "description": "EnumSwitchTest$1 class file for JVM execution"
    },
    {
      "name": "EnumSwitchTest",
      "filename": "EnumSwitchTest.class",
      "size": 1912,
      "description": "EnumSwitchTest class file for JVM execution"
    },
    {
      "name": "EnumTest$1",
      "filename": "EnumTest$1.class",
      "size": 692,
      "description": "EnumTest$1 class file for JVM execution"
    },
    {
      "name": "EnumTest$Color",
      "filename": "EnumTest$Color.class",
      "size": 1683,
      "description": "EnumTest$Color class file for JVM execution"
    },
    {
      "name": "EnumTest",
      "filename": "EnumTest.class",
      "size": 2620,
      "description": "EnumTest class file for JVM execution"
    },
    {
      "name": "ExceptionTest",
      "filename": "ExceptionTest.class",
      "size": 610,
      "description": "Exception handling demonstration"
    },
    {
      "name": "FieldTest",
      "filename": "FieldTest.class",
      "size": 234,
      "description": "FieldTest class file for JVM execution"
    },
    {
      "name": "FieldTestRunner",
      "filename": "FieldTestRunner.class",
      "size": 483,
      "description": "FieldTestRunner class file for JVM execution"
    },
    {
      "name": "FinallyTest",
      "filename": "FinallyTest.class",
      "size": 1204,
      "description": "FinallyTest class file for JVM execution"
    },
    {
      "name": "FixedFeaturesTest",
      "filename": "FixedFeaturesTest.class",
      "size": 2824,
      "description": "FixedFeaturesTest class file for JVM execution"
    },
    {
      "name": "FizzBuzz",
      "filename": "FizzBuzz.class",
      "size": 576,
      "description": "FizzBuzz class file for JVM execution"
    },
    {
      "name": "GenericsCrash",
      "filename": "GenericsCrash.class",
      "size": 1393,
      "description": "GenericsCrash class file for JVM execution"
    },
    {
      "name": "Hello",
      "filename": "Hello.class",
      "size": 417,
      "description": "Simple Hello World program demonstrating basic output"
    },
    {
      "name": "HelloWorld",
      "filename": "HelloWorld.class",
      "size": 371,
      "description": "HelloWorld class file for JVM execution"
    },
    {
      "name": "HexFloatLiteralsTest",
      "filename": "HexFloatLiteralsTest.class",
      "size": 2305,
      "description": "HexFloatLiteralsTest class file for JVM execution"
    },
    {
      "name": "HierarchyA",
      "filename": "HierarchyA.class",
      "size": 400,
      "description": "HierarchyA class file for JVM execution"
    },
    {
      "name": "HierarchyB",
      "filename": "HierarchyB.class",
      "size": 394,
      "description": "HierarchyB class file for JVM execution"
    },
    {
      "name": "HierarchyC",
      "filename": "HierarchyC.class",
      "size": 379,
      "description": "HierarchyC class file for JVM execution"
    },
    {
      "name": "HttpTest",
      "filename": "HttpTest.class",
      "size": 833,
      "description": "HttpTest class file for JVM execution"
    },
    {
      "name": "I",
      "filename": "I.class",
      "size": 125,
      "description": "I class file for JVM execution"
    },
    {
      "name": "IIFace",
      "filename": "IIFace.class",
      "size": 110,
      "description": "IIFace class file for JVM execution"
    },
    {
      "name": "IOTest",
      "filename": "IOTest.class",
      "size": 2690,
      "description": "IOTest class file for JVM execution"
    },
    {
      "name": "InflaterTest",
      "filename": "InflaterTest.class",
      "size": 1631,
      "description": "InflaterTest class file for JVM execution"
    },
    {
      "name": "InnerClassTest$1",
      "filename": "InnerClassTest$1.class",
      "size": 1124,
      "description": "InnerClassTest$1 class file for JVM execution"
    },
    {
      "name": "InnerClassTest$1LocalInnerClass",
      "filename": "InnerClassTest$1LocalInnerClass.class",
      "size": 1123,
      "description": "InnerClassTest$1LocalInnerClass class file for JVM execution"
    },
    {
      "name": "InnerClassTest$InnerClass",
      "filename": "InnerClassTest$InnerClass.class",
      "size": 1198,
      "description": "InnerClassTest$InnerClass class file for JVM execution"
    },
    {
      "name": "InnerClassTest$StaticNestedClass",
      "filename": "InnerClassTest$StaticNestedClass.class",
      "size": 1064,
      "description": "InnerClassTest$StaticNestedClass class file for JVM execution"
    },
    {
      "name": "InnerClassTest",
      "filename": "InnerClassTest.class",
      "size": 1436,
      "description": "InnerClassTest class file for JVM execution"
    },
    {
      "name": "InputTest",
      "filename": "InputTest.class",
      "size": 760,
      "description": "InputTest class file for JVM execution"
    },
    {
      "name": "InstanceOfCheckcastTest",
      "filename": "InstanceOfCheckcastTest.class",
      "size": 814,
      "description": "InstanceOfCheckcastTest class file for JVM execution"
    },
    {
      "name": "InstanceofInterfaceTest",
      "filename": "InstanceofInterfaceTest.class",
      "size": 728,
      "description": "InstanceofInterfaceTest class file for JVM execution"
    },
    {
      "name": "InstanceofTest$Child",
      "filename": "InstanceofTest$Child.class",
      "size": 522,
      "description": "InstanceofTest$Child class file for JVM execution"
    },
    {
      "name": "InstanceofTest$Parent",
      "filename": "InstanceofTest$Parent.class",
      "size": 504,
      "description": "InstanceofTest$Parent class file for JVM execution"
    },
    {
      "name": "InstanceofTest",
      "filename": "InstanceofTest.class",
      "size": 1937,
      "description": "InstanceofTest class file for JVM execution"
    },
    {
      "name": "InterfaceRunner",
      "filename": "InterfaceRunner.class",
      "size": 536,
      "description": "InterfaceRunner class file for JVM execution"
    },
    {
      "name": "InvokeDynamicTest",
      "filename": "InvokeDynamicTest.class",
      "size": 1093,
      "description": "InvokeDynamicTest class file for JVM execution"
    },
    {
      "name": "InvokeVirtualTest",
      "filename": "InvokeVirtualTest.class",
      "size": 659,
      "description": "Virtual method invocation examples"
    },
    {
      "name": "JaggedArrayTest",
      "filename": "JaggedArrayTest.class",
      "size": 2569,
      "description": "JaggedArrayTest class file for JVM execution"
    },
    {
      "name": "LambdaCrash",
      "filename": "LambdaCrash.class",
      "size": 1555,
      "description": "LambdaCrash class file for JVM execution"
    },
    {
      "name": "LinkedListTest",
      "filename": "LinkedListTest.class",
      "size": 629,
      "description": "LinkedListTest class file for JVM execution"
    },
    {
      "name": "LongArithmeticTest",
      "filename": "LongArithmeticTest.class",
      "size": 481,
      "description": "LongArithmeticTest class file for JVM execution"
    },
    {
      "name": "LongBitwiseTest",
      "filename": "LongBitwiseTest.class",
      "size": 532,
      "description": "LongBitwiseTest class file for JVM execution"
    },
    {
      "name": "Main",
      "filename": "Main.class",
      "size": 574,
      "description": "Main class file for JVM execution"
    },
    {
      "name": "MainApp",
      "filename": "MainApp.class",
      "size": 1053,
      "description": "MainApp class file for JVM execution"
    },
    {
      "name": "MathInstructions",
      "filename": "MathInstructions.class",
      "size": 2736,
      "description": "MathInstructions class file for JVM execution"
    },
    {
      "name": "MaxTest",
      "filename": "MaxTest.class",
      "size": 983,
      "description": "MaxTest class file for JVM execution"
    },
    {
      "name": "MethodHandlesTest",
      "filename": "MethodHandlesTest.class",
      "size": 2594,
      "description": "MethodHandlesTest class file for JVM execution"
    },
    {
      "name": "MethodInvocationValidationTest",
      "filename": "MethodInvocationValidationTest.class",
      "size": 1237,
      "description": "MethodInvocationValidationTest class file for JVM execution"
    },
    {
      "name": "MethodReferenceCrash",
      "filename": "MethodReferenceCrash.class",
      "size": 1300,
      "description": "MethodReferenceCrash class file for JVM execution"
    },
    {
      "name": "MethodVerificationTest",
      "filename": "MethodVerificationTest.class",
      "size": 3411,
      "description": "MethodVerificationTest class file for JVM execution"
    },
    {
      "name": "MissingBytecodeCrash",
      "filename": "MissingBytecodeCrash.class",
      "size": 1318,
      "description": "MissingBytecodeCrash class file for JVM execution"
    },
    {
      "name": "MultiCatchTest",
      "filename": "MultiCatchTest.class",
      "size": 2280,
      "description": "MultiCatchTest class file for JVM execution"
    },
    {
      "name": "MyImplementation",
      "filename": "MyImplementation.class",
      "size": 338,
      "description": "MyImplementation class file for JVM execution"
    },
    {
      "name": "NativeTest",
      "filename": "NativeTest.class",
      "size": 1287,
      "description": "NativeTest class file for JVM execution"
    },
    {
      "name": "NestedClassPrivateAccessTest$InnerClass",
      "filename": "NestedClassPrivateAccessTest$InnerClass.class",
      "size": 1537,
      "description": "NestedClassPrivateAccessTest$InnerClass class file for JVM execution"
    },
    {
      "name": "NestedClassPrivateAccessTest$StaticNestedClass",
      "filename": "NestedClassPrivateAccessTest$StaticNestedClass.class",
      "size": 1467,
      "description": "NestedClassPrivateAccessTest$StaticNestedClass class file for JVM execution"
    },
    {
      "name": "NestedClassPrivateAccessTest",
      "filename": "NestedClassPrivateAccessTest.class",
      "size": 1812,
      "description": "NestedClassPrivateAccessTest class file for JVM execution"
    },
    {
      "name": "NewLambdaCrash",
      "filename": "NewLambdaCrash.class",
      "size": 1034,
      "description": "NewLambdaCrash class file for JVM execution"
    },
    {
      "name": "NullPointerTest",
      "filename": "NullPointerTest.class",
      "size": 1558,
      "description": "NullPointerTest class file for JVM execution"
    },
    {
      "name": "ObjectCreationTest",
      "filename": "ObjectCreationTest.class",
      "size": 1280,
      "description": "ObjectCreationTest class file for JVM execution"
    },
    {
      "name": "ObscureBigDecimal",
      "filename": "ObscureBigDecimal.class",
      "size": 1278,
      "description": "ObscureBigDecimal class file for JVM execution"
    },
    {
      "name": "ObscureGenerics",
      "filename": "ObscureGenerics.class",
      "size": 1367,
      "description": "ObscureGenerics class file for JVM execution"
    },
    {
      "name": "ObscureNumbers",
      "filename": "ObscureNumbers.class",
      "size": 1076,
      "description": "ObscureNumbers class file for JVM execution"
    },
    {
      "name": "ObscureShift",
      "filename": "ObscureShift.class",
      "size": 1253,
      "description": "ObscureShift class file for JVM execution"
    },
    {
      "name": "ObscureStrictFp",
      "filename": "ObscureStrictFp.class",
      "size": 1297,
      "description": "ObscureStrictFp class file for JVM execution"
    },
    {
      "name": "ObscureStrings",
      "filename": "ObscureStrings.class",
      "size": 1638,
      "description": "ObscureStrings class file for JVM execution"
    },
    {
      "name": "ObscureUnicode",
      "filename": "ObscureUnicode.class",
      "size": 1134,
      "description": "ObscureUnicode class file for JVM execution"
    },
    {
      "name": "PC",
      "filename": "PC.class",
      "size": 1873,
      "description": "PC class file for JVM execution"
    },
    {
      "name": "PotentialCrash1",
      "filename": "PotentialCrash1.class",
      "size": 1143,
      "description": "PotentialCrash1 class file for JVM execution"
    },
    {
      "name": "PotentialCrash2",
      "filename": "PotentialCrash2.class",
      "size": 1619,
      "description": "PotentialCrash2 class file for JVM execution"
    },
    {
      "name": "PotentialCrash3",
      "filename": "PotentialCrash3.class",
      "size": 1953,
      "description": "PotentialCrash3 class file for JVM execution"
    },
    {
      "name": "Producer",
      "filename": "Producer.class",
      "size": 482,
      "description": "Producer class file for JVM execution"
    },
    {
      "name": "ProducerConsumer",
      "filename": "ProducerConsumer.class",
      "size": 579,
      "description": "ProducerConsumer class file for JVM execution"
    },
    {
      "name": "RandomSeedTest",
      "filename": "RandomSeedTest.class",
      "size": 1146,
      "description": "RandomSeedTest class file for JVM execution"
    },
    {
      "name": "RandomTest",
      "filename": "RandomTest.class",
      "size": 1433,
      "description": "RandomTest class file for JVM execution"
    },
    {
      "name": "RecursionTest",
      "filename": "RecursionTest.class",
      "size": 1038,
      "description": "RecursionTest class file for JVM execution"
    },
    {
      "name": "ReflectionCrash",
      "filename": "ReflectionCrash.class",
      "size": 1669,
      "description": "ReflectionCrash class file for JVM execution"
    },
    {
      "name": "ReflectionCrashTest",
      "filename": "ReflectionCrashTest.class",
      "size": 1568,
      "description": "ReflectionCrashTest class file for JVM execution"
    },
    {
      "name": "ReflectionTarget",
      "filename": "ReflectionTarget.class",
      "size": 321,
      "description": "ReflectionTarget class file for JVM execution"
    },
    {
      "name": "ReflectionTest",
      "filename": "ReflectionTest.class",
      "size": 1266,
      "description": "ReflectionTest class file for JVM execution"
    },
    {
      "name": "ReflectiveArrayTest",
      "filename": "ReflectiveArrayTest.class",
      "size": 3658,
      "description": "ReflectiveArrayTest class file for JVM execution"
    },
    {
      "name": "RenameableInterface",
      "filename": "RenameableInterface.class",
      "size": 167,
      "description": "RenameableInterface class file for JVM execution"
    },
    {
      "name": "Runner",
      "filename": "Runner.class",
      "size": 519,
      "description": "Runner class file for JVM execution"
    },
    {
      "name": "RuntimeArithmetic",
      "filename": "RuntimeArithmetic.class",
      "size": 630,
      "description": "Comprehensive arithmetic operations showcase"
    },
    {
      "name": "RuntimeTest",
      "filename": "RuntimeTest.class",
      "size": 1558,
      "description": "RuntimeTest class file for JVM execution"
    },
    {
      "name": "SecureRandomTest",
      "filename": "SecureRandomTest.class",
      "size": 1832,
      "description": "SecureRandomTest class file for JVM execution"
    },
    {
      "name": "SimpleArithmetic",
      "filename": "SimpleArithmetic.class",
      "size": 464,
      "description": "SimpleArithmetic class file for JVM execution"
    },
    {
      "name": "SimpleEcho",
      "filename": "SimpleEcho.class",
      "size": 1507,
      "description": "SimpleEcho class file for JVM execution"
    },
    {
      "name": "SimpleStdinTest",
      "filename": "SimpleStdinTest.class",
      "size": 1274,
      "description": "SimpleStdinTest class file for JVM execution"
    },
    {
      "name": "SimpleStringConcat",
      "filename": "SimpleStringConcat.class",
      "size": 447,
      "description": "Compile-time optimized string concatenation"
    },
    {
      "name": "SimpleStringTest",
      "filename": "SimpleStringTest.class",
      "size": 1155,
      "description": "SimpleStringTest class file for JVM execution"
    },
    {
      "name": "SimplestCrash",
      "filename": "SimplestCrash.class",
      "size": 544,
      "description": "SimplestCrash class file for JVM execution"
    },
    {
      "name": "SimplestSipushCrash",
      "filename": "SimplestSipushCrash.class",
      "size": 981,
      "description": "SimplestSipushCrash class file for JVM execution"
    },
    {
      "name": "SineWaveTest",
      "filename": "SineWaveTest.class",
      "size": 1594,
      "description": "SineWaveTest class file for JVM execution"
    },
    {
      "name": "SipushTest",
      "filename": "SipushTest.class",
      "size": 398,
      "description": "SipushTest class file for JVM execution"
    },
    {
      "name": "SmallDivisionTest",
      "filename": "SmallDivisionTest.class",
      "size": 586,
      "description": "Integer division and remainder operations"
    },
    {
      "name": "StackOverflowTest",
      "filename": "StackOverflowTest.class",
      "size": 1703,
      "description": "StackOverflowTest class file for JVM execution"
    },
    {
      "name": "StaticFieldTest",
      "filename": "StaticFieldTest.class",
      "size": 1081,
      "description": "StaticFieldTest class file for JVM execution"
    },
    {
      "name": "StaticInitializationTest",
      "filename": "StaticInitializationTest.class",
      "size": 2486,
      "description": "StaticInitializationTest class file for JVM execution"
    },
    {
      "name": "StaticVsInstanceTest",
      "filename": "StaticVsInstanceTest.class",
      "size": 1176,
      "description": "StaticVsInstanceTest class file for JVM execution"
    },
    {
      "name": "StdinDemo",
      "filename": "StdinDemo.class",
      "size": 1292,
      "description": "StdinDemo class file for JVM execution"
    },
    {
      "name": "StringBuilderConcat",
      "filename": "StringBuilderConcat.class",
      "size": 653,
      "description": "StringBuilderConcat class file for JVM execution"
    },
    {
      "name": "StringConcat",
      "filename": "StringConcat.class",
      "size": 926,
      "description": "StringConcat class file for JVM execution"
    },
    {
      "name": "StringConcatMethod",
      "filename": "StringConcatMethod.class",
      "size": 571,
      "description": "String concatenation using String.concat() method"
    },
    {
      "name": "StringInternTest",
      "filename": "StringInternTest.class",
      "size": 4560,
      "description": "StringInternTest class file for JVM execution"
    },
    {
      "name": "StringMethodsTest",
      "filename": "StringMethodsTest.class",
      "size": 710,
      "description": "StringMethodsTest class file for JVM execution"
    },
    {
      "name": "SwitchCrash",
      "filename": "SwitchCrash.class",
      "size": 1536,
      "description": "SwitchCrash class file for JVM execution"
    },
    {
      "name": "SynchronizationTest",
      "filename": "SynchronizationTest.class",
      "size": 2813,
      "description": "SynchronizationTest class file for JVM execution"
    },
    {
      "name": "Target",
      "filename": "Target.class",
      "size": 509,
      "description": "Target class file for JVM execution"
    },
    {
      "name": "TestMethods",
      "filename": "TestMethods.class",
      "size": 683,
      "description": "Various method patterns for testing"
    },
    {
      "name": "TestMethodsRunner",
      "filename": "TestMethodsRunner.class",
      "size": 381,
      "description": "TestMethodsRunner class file for JVM execution"
    },
    {
      "name": "Thing",
      "filename": "Thing.class",
      "size": 343,
      "description": "Thing class file for JVM execution"
    },
    {
      "name": "ThingProducer",
      "filename": "ThingProducer.class",
      "size": 337,
      "description": "ThingProducer class file for JVM execution"
    },
    {
      "name": "TryCatchFinallyTest",
      "filename": "TryCatchFinallyTest.class",
      "size": 2830,
      "description": "TryCatchFinallyTest class file for JVM execution"
    },
    {
      "name": "TryWithResourcesTest$TestResource",
      "filename": "TryWithResourcesTest$TestResource.class",
      "size": 1511,
      "description": "TryWithResourcesTest$TestResource class file for JVM execution"
    },
    {
      "name": "TryWithResourcesTest",
      "filename": "TryWithResourcesTest.class",
      "size": 2437,
      "description": "TryWithResourcesTest class file for JVM execution"
    },
    {
      "name": "TypeConversionTest",
      "filename": "TypeConversionTest.class",
      "size": 499,
      "description": "TypeConversionTest class file for JVM execution"
    },
    {
      "name": "URLConnectionReader",
      "filename": "URLConnectionReader.class",
      "size": 993,
      "description": "URLConnectionReader class file for JVM execution"
    },
    {
      "name": "VarargsGenericTest",
      "filename": "VarargsGenericTest.class",
      "size": 2979,
      "description": "VarargsGenericTest class file for JVM execution"
    },
    {
      "name": "VerySimple",
      "filename": "VerySimple.class",
      "size": 410,
      "description": "Basic arithmetic demonstration (3-2=1)"
    },
    {
      "name": "WideInstructionDemo",
      "filename": "WideInstructionDemo.class",
      "size": 3990,
      "description": "WideInstructionDemo class file for JVM execution"
    },
    {
      "name": "WorkingArithmetic",
      "filename": "WorkingArithmetic.class",
      "size": 445,
      "description": "WorkingArithmetic class file for JVM execution"
    }
  ],
  "totalFiles": 157,
  "totalSize": 193580
}